post_time,count
2015-04-30,1440
2015-05-31,883
2015-06-30,1011
2015-07-31,910
2015-08-31,1106
2015-09-30,1201
2015-10-31,1296
2015-11-30,1228
2015-12-31,810
2016-01-31,972
2016-02-29,1081
2016-03-31,969
2016-04-30,875
2016-05-31,644
2016-06-30,410
2016-07-31,862
2016-08-31,809
2016-09-30,1059
2016-10-31,983
2016-11-30,1048
2016-12-31,771
2017-01-31,727
2017-02-28,945
2017-03-31,827
2017-04-30,808
2017-05-31,629
2017-06-30,442
2017-07-31,585
2017-08-31,567
2017-09-30,731
2017-10-31,617
2017-11-30,595
2017-12-31,629
2018-01-31,529
2018-02-28,661
2018-03-31,609
2018-04-30,670
2018-05-31,461
2018-06-30,456
2018-07-31,510
2018-08-31,787
2018-09-30,807
2018-10-31,883
2018-11-30,663
2018-12-31,758
2019-01-31,794
2019-02-28,895
2019-03-31,1040
2019-04-30,803
2019-05-31,721
2019-06-30,811
2019-07-31,1004
2019-08-31,815
2019-09-30,745
2019-10-31,702
2019-11-30,627
2019-12-31,630
2020-01-31,650
2020-02-29,779
2020-03-31,1080
2020-04-30,1373
2020-05-31,1147
2020-06-30,1216
2020-07-31,603
2020-08-31,535
2020-09-30,322
2020-10-31,387
2020-11-30,434
2020-12-31,376
2021-01-31,418
2021-02-28,366
2021-03-31,333
2021-04-30,393
2021-05-31,206
2021-06-30,134
2021-07-31,171
2021-08-31,258
2021-09-30,129
2021-10-31,71
2021-11-30,92
2021-12-31,116
2022-01-31,344
2022-02-28,257
2022-03-31,301
2022-04-30,263
2022-05-31,270
2022-06-30,243
2022-07-31,250
2022-08-31,200
2022-09-30,239
2022-10-31,142
2022-11-30,130
2022-12-31,114
2023-01-31,120
2023-02-28,115
2023-03-31,37
